<?xml version="1.0" encoding="utf-8"?>
<SUBJECT>
<SUBJECTNAME>
A# .NET
</SUBJECTNAME>
<SUBJECTNAME>
A# (Axiom)
</SUBJECTNAME>
<SUBJECTNAME>
A-0 System
</SUBJECTNAME>
<SUBJECTNAME>
A+
</SUBJECTNAME>
<SUBJECTNAME>
A++
</SUBJECTNAME>
<SUBJECTNAME>
ABAP
</SUBJECTNAME>
<SUBJECTNAME>
ABC
</SUBJECTNAME>
<SUBJECTNAME>
ABC ALGOL
</SUBJECTNAME>
<SUBJECTNAME>
ABSET
</SUBJECTNAME>
<SUBJECTNAME>
ABSYS
</SUBJECTNAME>
<SUBJECTNAME>
ACC
</SUBJECTNAME>
<SUBJECTNAME>
Accent
</SUBJECTNAME>
<SUBJECTNAME>
Ace DASL
</SUBJECTNAME>
<SUBJECTNAME>
ACL2
</SUBJECTNAME>
<SUBJECTNAME>
ACT-III
</SUBJECTNAME>
<SUBJECTNAME>
Action!
</SUBJECTNAME>
<SUBJECTNAME>
ActionScript
</SUBJECTNAME>
<SUBJECTNAME>
Ada
</SUBJECTNAME>
<SUBJECTNAME>
Adenine
</SUBJECTNAME>
<SUBJECTNAME>
Agda
</SUBJECTNAME>
<SUBJECTNAME>
Agilent VEE
</SUBJECTNAME>
<SUBJECTNAME>
Agora
</SUBJECTNAME>
<SUBJECTNAME>
AIMMS
</SUBJECTNAME>
<SUBJECTNAME>
Alef
</SUBJECTNAME>
<SUBJECTNAME>
ALF
</SUBJECTNAME>
<SUBJECTNAME>
ALGOL 58
</SUBJECTNAME>
<SUBJECTNAME>
ALGOL 60
</SUBJECTNAME>
<SUBJECTNAME>
ALGOL 68
</SUBJECTNAME>
<SUBJECTNAME>
ALGOL W
</SUBJECTNAME>
<SUBJECTNAME>
Alice
</SUBJECTNAME>
<SUBJECTNAME>
Alma-0
</SUBJECTNAME>
<SUBJECTNAME>
AmbientTalk
</SUBJECTNAME>
<SUBJECTNAME>
Amiga E
</SUBJECTNAME>
<SUBJECTNAME>
AMOS
</SUBJECTNAME>
<SUBJECTNAME>
AMPL
</SUBJECTNAME>
<SUBJECTNAME>
Apex (Salesforce.com: The Customer Success Platform To Grow Your Business)
</SUBJECTNAME>
<SUBJECTNAME>
APL
</SUBJECTNAME>
<SUBJECTNAME>
App Inventor for Android's visual block language
</SUBJECTNAME>
<SUBJECTNAME>
AppleScript
</SUBJECTNAME>
<SUBJECTNAME>
Arc
</SUBJECTNAME>
<SUBJECTNAME>
ARexx
</SUBJECTNAME>
<SUBJECTNAME>
Argus
</SUBJECTNAME>
<SUBJECTNAME>
AspectJ
</SUBJECTNAME>
<SUBJECTNAME>
Assembly language
</SUBJECTNAME>
<SUBJECTNAME>
ATS
</SUBJECTNAME>
<SUBJECTNAME>
Ateji PX
</SUBJECTNAME>
<SUBJECTNAME>
AutoHotkey
</SUBJECTNAME>
<SUBJECTNAME>
Autocoder
</SUBJECTNAME>
<SUBJECTNAME>
AutoIt
</SUBJECTNAME>
<SUBJECTNAME>
AutoLISP / Visual LISP
</SUBJECTNAME>
<SUBJECTNAME>
Averest
</SUBJECTNAME>
<SUBJECTNAME>
AWK
</SUBJECTNAME>
<SUBJECTNAME>
Axum
</SUBJECTNAME>
<SUBJECTNAME>
Active Server Pages
</SUBJECTNAME>
<SUBJECTNAME>
ASP.NET
</SUBJECTNAME>
<SUBJECTNAME>
AngularJS
</SUBJECTNAME>
<SUBJECTNAME>
B
</SUBJECTNAME>
<SUBJECTNAME>
Babbage
</SUBJECTNAME>
<SUBJECTNAME>
Bash
</SUBJECTNAME>
<SUBJECTNAME>
BASIC
</SUBJECTNAME>
<SUBJECTNAME>
bc
</SUBJECTNAME>
<SUBJECTNAME>
BCPL
</SUBJECTNAME>
<SUBJECTNAME>
BeanShell
</SUBJECTNAME>
<SUBJECTNAME>
Batch (Windows/Dos)
</SUBJECTNAME>
<SUBJECTNAME>
Bertrand
</SUBJECTNAME>
<SUBJECTNAME>
BETA
</SUBJECTNAME>
<SUBJECTNAME>
Bigwig
</SUBJECTNAME>
<SUBJECTNAME>
Bistro
</SUBJECTNAME>
<SUBJECTNAME>
BitC
</SUBJECTNAME>
<SUBJECTNAME>
BLISS
</SUBJECTNAME>
<SUBJECTNAME>
Blockly
</SUBJECTNAME>
<SUBJECTNAME>
BlooP
</SUBJECTNAME>
<SUBJECTNAME>
Blue
</SUBJECTNAME>
<SUBJECTNAME>
Boo
</SUBJECTNAME>
<SUBJECTNAME>
Boomerang
</SUBJECTNAME>
<SUBJECTNAME>
Bourne shell (including bash and ksh)
</SUBJECTNAME>
<SUBJECTNAME>
BREW
</SUBJECTNAME>
<SUBJECTNAME>
BPEL
</SUBJECTNAME>
<SUBJECTNAME>
C
</SUBJECTNAME>
<SUBJECTNAME>
C--
</SUBJECTNAME>
<SUBJECTNAME>
C++ – ISO/IEC 14882
</SUBJECTNAME>
<SUBJECTNAME>
C# – ISO/IEC 23270
</SUBJECTNAME>
<SUBJECTNAME>
C/AL
</SUBJECTNAME>
<SUBJECTNAME>
Caché ObjectScript
</SUBJECTNAME>
<SUBJECTNAME>
C Shell
</SUBJECTNAME>
<SUBJECTNAME>
Caml
</SUBJECTNAME>
<SUBJECTNAME>
Cayenne
</SUBJECTNAME>
<SUBJECTNAME>
CDuce
</SUBJECTNAME>
<SUBJECTNAME>
Cecil
</SUBJECTNAME>
<SUBJECTNAME>
Cesil
</SUBJECTNAME>
<SUBJECTNAME>
Ceylon
</SUBJECTNAME>
<SUBJECTNAME>
CFEngine
</SUBJECTNAME>
<SUBJECTNAME>
CFML
</SUBJECTNAME>
<SUBJECTNAME>
Cg
</SUBJECTNAME>
<SUBJECTNAME>
Ch
</SUBJECTNAME>
<SUBJECTNAME>
Chapel
</SUBJECTNAME>
<SUBJECTNAME>
Charity
</SUBJECTNAME>
<SUBJECTNAME>
Charm
</SUBJECTNAME>
<SUBJECTNAME>
Chef
</SUBJECTNAME>
<SUBJECTNAME>
CHILL
</SUBJECTNAME>
<SUBJECTNAME>
CHIP-8
</SUBJECTNAME>
<SUBJECTNAME>
chomski
</SUBJECTNAME>
<SUBJECTNAME>
ChucK
</SUBJECTNAME>
<SUBJECTNAME>
CICS
</SUBJECTNAME>
<SUBJECTNAME>
Cilk
</SUBJECTNAME>
<SUBJECTNAME>
Citrine (programming language)
</SUBJECTNAME>
<SUBJECTNAME>
CL (IBM)
</SUBJECTNAME>
<SUBJECTNAME>
Claire
</SUBJECTNAME>
<SUBJECTNAME>
Clarion
</SUBJECTNAME>
<SUBJECTNAME>
Clean
</SUBJECTNAME>
<SUBJECTNAME>
Clipper
</SUBJECTNAME>
<SUBJECTNAME>
CLIST
</SUBJECTNAME>
<SUBJECTNAME>
Clojure
</SUBJECTNAME>
<SUBJECTNAME>
CLU
</SUBJECTNAME>
<SUBJECTNAME>
CMS-2
</SUBJECTNAME>
<SUBJECTNAME>
COBOL – ISO/IEC 1989
</SUBJECTNAME>
<SUBJECTNAME>
CobolScript – COBOL Scripting language
</SUBJECTNAME>
<SUBJECTNAME>
Cobra
</SUBJECTNAME>
<SUBJECTNAME>
CODE
</SUBJECTNAME>
<SUBJECTNAME>
CoffeeScript
</SUBJECTNAME>
<SUBJECTNAME>
ColdFusion
</SUBJECTNAME>
<SUBJECTNAME>
COMAL
</SUBJECTNAME>
<SUBJECTNAME>
Combined Programming Language (CPL)
</SUBJECTNAME>
<SUBJECTNAME>
COMIT
</SUBJECTNAME>
<SUBJECTNAME>
Common Intermediate Language (CIL)
</SUBJECTNAME>
<SUBJECTNAME>
Common Lisp (also known as CL)
</SUBJECTNAME>
<SUBJECTNAME>
COMPASS
</SUBJECTNAME>
<SUBJECTNAME>
Component Pascal
</SUBJECTNAME>
<SUBJECTNAME>
Constraint Handling Rules (CHR)
</SUBJECTNAME>
<SUBJECTNAME>
Converge
</SUBJECTNAME>
<SUBJECTNAME>
Cool
</SUBJECTNAME>
<SUBJECTNAME>
Coq
</SUBJECTNAME>
<SUBJECTNAME>
Coral 66
</SUBJECTNAME>
<SUBJECTNAME>
Corn
</SUBJECTNAME>
<SUBJECTNAME>
CorVision
</SUBJECTNAME>
<SUBJECTNAME>
COWSEL
</SUBJECTNAME>
<SUBJECTNAME>
CPL
</SUBJECTNAME>
<SUBJECTNAME>
Cryptol
</SUBJECTNAME>
<SUBJECTNAME>
csh
</SUBJECTNAME>
<SUBJECTNAME>
Csound
</SUBJECTNAME>
<SUBJECTNAME>
CSP
</SUBJECTNAME>
<SUBJECTNAME>
CUDA
</SUBJECTNAME>
<SUBJECTNAME>
Curl
</SUBJECTNAME>
<SUBJECTNAME>
Curry
</SUBJECTNAME>
<SUBJECTNAME>
Cyclone
</SUBJECTNAME>
<SUBJECTNAME>
Cython
</SUBJECTNAME>
<SUBJECTNAME>
D
</SUBJECTNAME>
<SUBJECTNAME>
DASL (Datapoint's Advanced Systems Language)
</SUBJECTNAME>
<SUBJECTNAME>
DASL (Distributed Application Specification Language)
</SUBJECTNAME>
<SUBJECTNAME>
Dart
</SUBJECTNAME>
<SUBJECTNAME>
DataFlex
</SUBJECTNAME>
<SUBJECTNAME>
Datalog
</SUBJECTNAME>
<SUBJECTNAME>
DATATRIEVE
</SUBJECTNAME>
<SUBJECTNAME>
dBase
</SUBJECTNAME>
<SUBJECTNAME>
dc
</SUBJECTNAME>
<SUBJECTNAME>
DCL
</SUBJECTNAME>
<SUBJECTNAME>
Deesel (formerly G)
</SUBJECTNAME>
<SUBJECTNAME>
Delphi
</SUBJECTNAME>
<SUBJECTNAME>
DinkC
</SUBJECTNAME>
<SUBJECTNAME>
DIBOL
</SUBJECTNAME>
<SUBJECTNAME>
Dog
</SUBJECTNAME>
<SUBJECTNAME>
Draco
</SUBJECTNAME>
<SUBJECTNAME>
DRAKON
</SUBJECTNAME>
<SUBJECTNAME>
Dylan
</SUBJECTNAME>
<SUBJECTNAME>
DYNAMO
</SUBJECTNAME>
<SUBJECTNAME>
E
</SUBJECTNAME>
<SUBJECTNAME>
E#
</SUBJECTNAME>
<SUBJECTNAME>
Ease
</SUBJECTNAME>
<SUBJECTNAME>
Easy PL/I
</SUBJECTNAME>
<SUBJECTNAME>
Easy Programming Language
</SUBJECTNAME>
<SUBJECTNAME>
EASYTRIEVE PLUS
</SUBJECTNAME>
<SUBJECTNAME>
ECMAScript
</SUBJECTNAME>
<SUBJECTNAME>
Edinburgh IMP
</SUBJECTNAME>
<SUBJECTNAME>
EGL
</SUBJECTNAME>
<SUBJECTNAME>
Eiffel
</SUBJECTNAME>
<SUBJECTNAME>
ELAN
</SUBJECTNAME>
<SUBJECTNAME>
Elixir
</SUBJECTNAME>
<SUBJECTNAME>
Elm
</SUBJECTNAME>
<SUBJECTNAME>
Emacs Lisp
</SUBJECTNAME>
<SUBJECTNAME>
Emerald
</SUBJECTNAME>
<SUBJECTNAME>
Epigram
</SUBJECTNAME>
<SUBJECTNAME>
EPL
</SUBJECTNAME>
<SUBJECTNAME>
Erlang
</SUBJECTNAME>
<SUBJECTNAME>
es
</SUBJECTNAME>
<SUBJECTNAME>
Escher
</SUBJECTNAME>
<SUBJECTNAME>
ESPOL
</SUBJECTNAME>
<SUBJECTNAME>
Esterel
</SUBJECTNAME>
<SUBJECTNAME>
Etoys
</SUBJECTNAME>
<SUBJECTNAME>
Euclid
</SUBJECTNAME>
<SUBJECTNAME>
Euler
</SUBJECTNAME>
<SUBJECTNAME>
Euphoria
</SUBJECTNAME>
<SUBJECTNAME>
EusLisp Robot Programming Language
</SUBJECTNAME>
<SUBJECTNAME>
CMS EXEC (EXEC)
</SUBJECTNAME>
<SUBJECTNAME>
EXEC 2
</SUBJECTNAME>
<SUBJECTNAME>
Executable UML
</SUBJECTNAME>
<SUBJECTNAME>
F
</SUBJECTNAME>
<SUBJECTNAME>
F#
</SUBJECTNAME>
<SUBJECTNAME>
Factor
</SUBJECTNAME>
<SUBJECTNAME>
Falcon
</SUBJECTNAME>
<SUBJECTNAME>
Fantom
</SUBJECTNAME>
<SUBJECTNAME>
FAUST
</SUBJECTNAME>
<SUBJECTNAME>
FFP
</SUBJECTNAME>
<SUBJECTNAME>
Fjölnir
</SUBJECTNAME>
<SUBJECTNAME>
FL
</SUBJECTNAME>
<SUBJECTNAME>
Flavors
</SUBJECTNAME>
<SUBJECTNAME>
Flex
</SUBJECTNAME>
<SUBJECTNAME>
FlooP
</SUBJECTNAME>
<SUBJECTNAME>
FLOW-MATIC
</SUBJECTNAME>
<SUBJECTNAME>
FOCAL
</SUBJECTNAME>
<SUBJECTNAME>
FOCUS
</SUBJECTNAME>
<SUBJECTNAME>
FOIL
</SUBJECTNAME>
<SUBJECTNAME>
FORMAC
</SUBJECTNAME>
<SUBJECTNAME>
@Formula
</SUBJECTNAME>
<SUBJECTNAME>
Forth
</SUBJECTNAME>
<SUBJECTNAME>
Fortran – ISO/IEC 1539
</SUBJECTNAME>
<SUBJECTNAME>
Fortress
</SUBJECTNAME>
<SUBJECTNAME>
FoxBase
</SUBJECTNAME>
<SUBJECTNAME>
FoxPro
</SUBJECTNAME>
<SUBJECTNAME>
FP
</SUBJECTNAME>
<SUBJECTNAME>
FPr
</SUBJECTNAME>
<SUBJECTNAME>
Franz Lisp
</SUBJECTNAME>
<SUBJECTNAME>
Frege
</SUBJECTNAME>
<SUBJECTNAME>
F-Script
</SUBJECTNAME>
<SUBJECTNAME>
G
</SUBJECTNAME>
<SUBJECTNAME>
Game Maker Language
</SUBJECTNAME>
<SUBJECTNAME>
GameMonkey Script
</SUBJECTNAME>
<SUBJECTNAME>
GAMS
</SUBJECTNAME>
<SUBJECTNAME>
GAP
</SUBJECTNAME>
<SUBJECTNAME>
G-code
</SUBJECTNAME>
<SUBJECTNAME>
Genie
</SUBJECTNAME>
<SUBJECTNAME>
GDL
</SUBJECTNAME>
<SUBJECTNAME>
GJ
</SUBJECTNAME>
<SUBJECTNAME>
GEORGE
</SUBJECTNAME>
<SUBJECTNAME>
GLSL
</SUBJECTNAME>
<SUBJECTNAME>
GNU E
</SUBJECTNAME>
<SUBJECTNAME>
GM
</SUBJECTNAME>
<SUBJECTNAME>
Go
</SUBJECTNAME>
<SUBJECTNAME>
Go!
</SUBJECTNAME>
<SUBJECTNAME>
GOAL
</SUBJECTNAME>
<SUBJECTNAME>
Gödel
</SUBJECTNAME>
<SUBJECTNAME>
Godiva
</SUBJECTNAME>
<SUBJECTNAME>
Golo
</SUBJECTNAME>
<SUBJECTNAME>
GOM (Good Old Mad)
</SUBJECTNAME>
<SUBJECTNAME>
Google Apps Script
</SUBJECTNAME>
<SUBJECTNAME>
Gosu
</SUBJECTNAME>
<SUBJECTNAME>
GOTRAN
</SUBJECTNAME>
<SUBJECTNAME>
GPSS
</SUBJECTNAME>
<SUBJECTNAME>
GraphTalk
</SUBJECTNAME>
<SUBJECTNAME>
GRASS
</SUBJECTNAME>
<SUBJECTNAME>
Groovy
</SUBJECTNAME>
<SUBJECTNAME>
Hack
</SUBJECTNAME>
<SUBJECTNAME>
HAL/S
</SUBJECTNAME>
<SUBJECTNAME>
Hamilton C shell
</SUBJECTNAME>
<SUBJECTNAME>
Harbour
</SUBJECTNAME>
<SUBJECTNAME>
Hartmann pipelines
</SUBJECTNAME>
<SUBJECTNAME>
Haskell
</SUBJECTNAME>
<SUBJECTNAME>
Haxe
</SUBJECTNAME>
<SUBJECTNAME>
High Level Assembly
</SUBJECTNAME>
<SUBJECTNAME>
HLSL
</SUBJECTNAME>
<SUBJECTNAME>
Hop
</SUBJECTNAME>
<SUBJECTNAME>
Hopscotch
</SUBJECTNAME>
<SUBJECTNAME>
Hope
</SUBJECTNAME>
<SUBJECTNAME>
Hugo
</SUBJECTNAME>
<SUBJECTNAME>
Hume
</SUBJECTNAME>
<SUBJECTNAME>
HyperTalk
</SUBJECTNAME>
<SUBJECTNAME>
IBM Basic assembly language
</SUBJECTNAME>
<SUBJECTNAME>
IBM HAScript
</SUBJECTNAME>
<SUBJECTNAME>
IBM Informix-4GL
</SUBJECTNAME>
<SUBJECTNAME>
IBM RPG
</SUBJECTNAME>
<SUBJECTNAME>
ICI
</SUBJECTNAME>
<SUBJECTNAME>
Icon
</SUBJECTNAME>
<SUBJECTNAME>
Id
</SUBJECTNAME>
<SUBJECTNAME>
IDL
</SUBJECTNAME>
<SUBJECTNAME>
Idris
</SUBJECTNAME>
<SUBJECTNAME>
IMP
</SUBJECTNAME>
<SUBJECTNAME>
Inform
</SUBJECTNAME>
<SUBJECTNAME>
Io
</SUBJECTNAME>
<SUBJECTNAME>
Ioke
</SUBJECTNAME>
<SUBJECTNAME>
IPL
</SUBJECTNAME>
<SUBJECTNAME>
IPTSCRAE
</SUBJECTNAME>
<SUBJECTNAME>
ISLISP
</SUBJECTNAME>
<SUBJECTNAME>
ISPF
</SUBJECTNAME>
<SUBJECTNAME>
ISWIM
</SUBJECTNAME>
<SUBJECTNAME>
J
</SUBJECTNAME>
<SUBJECTNAME>
J#
</SUBJECTNAME>
<SUBJECTNAME>
J++
</SUBJECTNAME>
<SUBJECTNAME>
JADE
</SUBJECTNAME>
<SUBJECTNAME>
Jako
</SUBJECTNAME>
<SUBJECTNAME>
JAL
</SUBJECTNAME>
<SUBJECTNAME>
Janus (concurrent constraint programming language)
</SUBJECTNAME>
<SUBJECTNAME>
Janus (time-reversible computing programming language)
</SUBJECTNAME>
<SUBJECTNAME>
JASS
</SUBJECTNAME>
<SUBJECTNAME>
Java
</SUBJECTNAME>
<SUBJECTNAME>
JavaScript
</SUBJECTNAME>
<SUBJECTNAME>
JCL
</SUBJECTNAME>
<SUBJECTNAME>
JEAN
</SUBJECTNAME>
<SUBJECTNAME>
Join Java
</SUBJECTNAME>
<SUBJECTNAME>
JOSS
</SUBJECTNAME>
<SUBJECTNAME>
Joule
</SUBJECTNAME>
<SUBJECTNAME>
JOVIAL
</SUBJECTNAME>
<SUBJECTNAME>
Joy
</SUBJECTNAME>
<SUBJECTNAME>
JScript
</SUBJECTNAME>
<SUBJECTNAME>
JScript .NET
</SUBJECTNAME>
<SUBJECTNAME>
JavaFX Script
</SUBJECTNAME>
<SUBJECTNAME>
Julia
</SUBJECTNAME>
<SUBJECTNAME>
Jython
</SUBJECTNAME>
<SUBJECTNAME>
Kaleidoscope
</SUBJECTNAME>
<SUBJECTNAME>
Karel
</SUBJECTNAME>
<SUBJECTNAME>
Karel++
</SUBJECTNAME>
<SUBJECTNAME>
KEE
</SUBJECTNAME>
<SUBJECTNAME>
Kixtart
</SUBJECTNAME>
<SUBJECTNAME>
Klerer-May System
</SUBJECTNAME>
<SUBJECTNAME>
KIF
</SUBJECTNAME>
<SUBJECTNAME>
Kojo
</SUBJECTNAME>
<SUBJECTNAME>
Kotlin
</SUBJECTNAME>
<SUBJECTNAME>
KRC
</SUBJECTNAME>
<SUBJECTNAME>
KRL
</SUBJECTNAME>
<SUBJECTNAME>
KRL (KUKA Robot Language)
</SUBJECTNAME>
<SUBJECTNAME>
KRYPTON
</SUBJECTNAME>
<SUBJECTNAME>
ksh
</SUBJECTNAME>
<SUBJECTNAME>
L
</SUBJECTNAME>
<SUBJECTNAME>
L# .NET
</SUBJECTNAME>
<SUBJECTNAME>
LabVIEW
</SUBJECTNAME>
<SUBJECTNAME>
Ladder
</SUBJECTNAME>
<SUBJECTNAME>
Lagoona
</SUBJECTNAME>
<SUBJECTNAME>
LANSA
</SUBJECTNAME>
<SUBJECTNAME>
Lasso
</SUBJECTNAME>
<SUBJECTNAME>
LaTeX
</SUBJECTNAME>
<SUBJECTNAME>
Lava
</SUBJECTNAME>
<SUBJECTNAME>
LC-3
</SUBJECTNAME>
<SUBJECTNAME>
Leda
</SUBJECTNAME>
<SUBJECTNAME>
Legoscript
</SUBJECTNAME>
<SUBJECTNAME>
LIL
</SUBJECTNAME>
<SUBJECTNAME>
LilyPond
</SUBJECTNAME>
<SUBJECTNAME>
Limbo
</SUBJECTNAME>
<SUBJECTNAME>
Limnor
</SUBJECTNAME>
<SUBJECTNAME>
LINC
</SUBJECTNAME>
<SUBJECTNAME>
Lingo
</SUBJECTNAME>
<SUBJECTNAME>
LIS
</SUBJECTNAME>
<SUBJECTNAME>
LISA
</SUBJECTNAME>
<SUBJECTNAME>
Lisaac
</SUBJECTNAME>
<SUBJECTNAME>
Lisp – ISO/IEC 13816
</SUBJECTNAME>
<SUBJECTNAME>
Lite-C
</SUBJECTNAME>
<SUBJECTNAME>
Lithe
</SUBJECTNAME>
<SUBJECTNAME>
Little b
</SUBJECTNAME>
<SUBJECTNAME>
Logo
</SUBJECTNAME>
<SUBJECTNAME>
Logtalk
</SUBJECTNAME>
<SUBJECTNAME>
LotusScript
</SUBJECTNAME>
<SUBJECTNAME>
LPC
</SUBJECTNAME>
<SUBJECTNAME>
LSE
</SUBJECTNAME>
<SUBJECTNAME>
LSL
</SUBJECTNAME>
<SUBJECTNAME>
LiveScript
</SUBJECTNAME>
<SUBJECTNAME>
Lua
</SUBJECTNAME>
<SUBJECTNAME>
Lucid
</SUBJECTNAME>
<SUBJECTNAME>
Lustre
</SUBJECTNAME>
<SUBJECTNAME>
LYaPAS
</SUBJECTNAME>
<SUBJECTNAME>
Lynx
</SUBJECTNAME>
<SUBJECTNAME>
M2001
</SUBJECTNAME>
<SUBJECTNAME>
M4
</SUBJECTNAME>
<SUBJECTNAME>
M#
</SUBJECTNAME>
<SUBJECTNAME>
Machine code
</SUBJECTNAME>
<SUBJECTNAME>
MAD (Michigan Algorithm Decoder)
</SUBJECTNAME>
<SUBJECTNAME>
MAD/I
</SUBJECTNAME>
<SUBJECTNAME>
Magik
</SUBJECTNAME>
<SUBJECTNAME>
Magma
</SUBJECTNAME>
<SUBJECTNAME>
make
</SUBJECTNAME>
<SUBJECTNAME>
Maple
</SUBJECTNAME>
<SUBJECTNAME>
MAPPER now part of BIS
</SUBJECTNAME>
<SUBJECTNAME>
MARK-IV now VISION:BUILDER
</SUBJECTNAME>
<SUBJECTNAME>
Mary
</SUBJECTNAME>
<SUBJECTNAME>
MASM Microsoft Assembly x86
</SUBJECTNAME>
<SUBJECTNAME>
MATH-MATIC
</SUBJECTNAME>
<SUBJECTNAME>
Mathematica
</SUBJECTNAME>
<SUBJECTNAME>
MATLAB
</SUBJECTNAME>
<SUBJECTNAME>
Maxima (see also Macsyma)
</SUBJECTNAME>
<SUBJECTNAME>
Max (Max Msp – Graphical Programming Environment)
</SUBJECTNAME>
<SUBJECTNAME>
MaxScript internal language 3D Studio Max
</SUBJECTNAME>
<SUBJECTNAME>
Maya (MEL)
</SUBJECTNAME>
<SUBJECTNAME>
MDL
</SUBJECTNAME>
<SUBJECTNAME>
Mercury
</SUBJECTNAME>
<SUBJECTNAME>
Mesa
</SUBJECTNAME>
<SUBJECTNAME>
Metafont
</SUBJECTNAME>
<SUBJECTNAME>
Microcode
</SUBJECTNAME>
<SUBJECTNAME>
MicroScript
</SUBJECTNAME>
<SUBJECTNAME>
MIIS
</SUBJECTNAME>
<SUBJECTNAME>
Milk (programming language)
</SUBJECTNAME>
<SUBJECTNAME>
MIMIC
</SUBJECTNAME>
<SUBJECTNAME>
Mirah
</SUBJECTNAME>
<SUBJECTNAME>
Miranda
</SUBJECTNAME>
<SUBJECTNAME>
MIVA Script
</SUBJECTNAME>
<SUBJECTNAME>
ML
</SUBJECTNAME>
<SUBJECTNAME>
Model 204
</SUBJECTNAME>
<SUBJECTNAME>
Modelica
</SUBJECTNAME>
<SUBJECTNAME>
Modula
</SUBJECTNAME>
<SUBJECTNAME>
Modula-2
</SUBJECTNAME>
<SUBJECTNAME>
Modula-3
</SUBJECTNAME>
<SUBJECTNAME>
Mohol
</SUBJECTNAME>
<SUBJECTNAME>
MOO
</SUBJECTNAME>
<SUBJECTNAME>
Mortran
</SUBJECTNAME>
<SUBJECTNAME>
Mouse
</SUBJECTNAME>
<SUBJECTNAME>
MPD
</SUBJECTNAME>
<SUBJECTNAME>
Mathcad
</SUBJECTNAME>
<SUBJECTNAME>
MSIL – deprecated name for CIL
</SUBJECTNAME>
<SUBJECTNAME>
MSL
</SUBJECTNAME>
<SUBJECTNAME>
MUMPS
</SUBJECTNAME>
<SUBJECTNAME>
Mystic Programming Language (MPL)
</SUBJECTNAME>
<SUBJECTNAME>
NASM
</SUBJECTNAME>
<SUBJECTNAME>
Napier88
</SUBJECTNAME>
<SUBJECTNAME>
Neko
</SUBJECTNAME>
<SUBJECTNAME>
Nemerle
</SUBJECTNAME>
<SUBJECTNAME>
nesC
</SUBJECTNAME>
<SUBJECTNAME>
NESL
</SUBJECTNAME>
<SUBJECTNAME>
Net.Data
</SUBJECTNAME>
<SUBJECTNAME>
NetLogo
</SUBJECTNAME>
<SUBJECTNAME>
NetRexx
</SUBJECTNAME>
<SUBJECTNAME>
NewLISP
</SUBJECTNAME>
<SUBJECTNAME>
NEWP
</SUBJECTNAME>
<SUBJECTNAME>
Newspeak
</SUBJECTNAME>
<SUBJECTNAME>
NewtonScript
</SUBJECTNAME>
<SUBJECTNAME>
NGL
</SUBJECTNAME>
<SUBJECTNAME>
Nial
</SUBJECTNAME>
<SUBJECTNAME>
Nice
</SUBJECTNAME>
<SUBJECTNAME>
Nickle
</SUBJECTNAME>
<SUBJECTNAME>
Nim
</SUBJECTNAME>
<SUBJECTNAME>
NO
</SUBJECTNAME>
<SUBJECTNAME>
NPL
</SUBJECTNAME>
<SUBJECTNAME>
Not eXactly C (NXC)
</SUBJECTNAME>
<SUBJECTNAME>
Not Quite C (NQC)
</SUBJECTNAME>
<SUBJECTNAME>
NSI
</SUBJECTNAME>
<SUBJECTNAME>
o:XML
</SUBJECTNAME>
<SUBJECTNAME>
Oak
</SUBJECTNAME>
<SUBJECTNAME>
Oberon
</SUBJECTNAME>
<SUBJECTNAME>
OBJ2
</SUBJECTNAME>
<SUBJECTNAME>
Object Lisp
</SUBJECTNAME>
<SUBJECTNAME>
ObjectLOGO
</SUBJECTNAME>
<SUBJECTNAME>
Object REXX
</SUBJECTNAME>
<SUBJECTNAME>
Object Pascal
</SUBJECTNAME>
<SUBJECTNAME>
Objective-C
</SUBJECTNAME>
<SUBJECTNAME>
Objective-J
</SUBJECTNAME>
<SUBJECTNAME>
Obliq
</SUBJECTNAME>
<SUBJECTNAME>
OCaml
</SUBJECTNAME>
<SUBJECTNAME>
occam
</SUBJECTNAME>
<SUBJECTNAME>
occam-π
</SUBJECTNAME>
<SUBJECTNAME>
Octave
</SUBJECTNAME>
<SUBJECTNAME>
OmniMark
</SUBJECTNAME>
<SUBJECTNAME>
Onyx
</SUBJECTNAME>
<SUBJECTNAME>
Opa
</SUBJECTNAME>
<SUBJECTNAME>
Opal
</SUBJECTNAME>
<SUBJECTNAME>
OpenCL
</SUBJECTNAME>
<SUBJECTNAME>
OpenEdge ABL
</SUBJECTNAME>
<SUBJECTNAME>
OPL
</SUBJECTNAME>
<SUBJECTNAME>
OPS5
</SUBJECTNAME>
<SUBJECTNAME>
OptimJ
</SUBJECTNAME>
<SUBJECTNAME>
Orc
</SUBJECTNAME>
<SUBJECTNAME>
ORCA/Modula-2
</SUBJECTNAME>
<SUBJECTNAME>
Oriel
</SUBJECTNAME>
<SUBJECTNAME>
Orwell
</SUBJECTNAME>
<SUBJECTNAME>
Oxygene
</SUBJECTNAME>
<SUBJECTNAME>
Oz
</SUBJECTNAME>
<SUBJECTNAME>
P′′
</SUBJECTNAME>
<SUBJECTNAME>
P#
</SUBJECTNAME>
<SUBJECTNAME>
ParaSail (programming language)
</SUBJECTNAME>
<SUBJECTNAME>
PARI/GP
</SUBJECTNAME>
<SUBJECTNAME>
Pascal – ISO 7185
</SUBJECTNAME>
<SUBJECTNAME>
PCASTL
</SUBJECTNAME>
<SUBJECTNAME>
PCF
</SUBJECTNAME>
<SUBJECTNAME>
PEARL
</SUBJECTNAME>
<SUBJECTNAME>
PeopleCode
</SUBJECTNAME>
<SUBJECTNAME>
Perl
</SUBJECTNAME>
<SUBJECTNAME>
PDL
</SUBJECTNAME>
<SUBJECTNAME>
Perl6
</SUBJECTNAME>
<SUBJECTNAME>
Pharo
</SUBJECTNAME>
<SUBJECTNAME>
PHP
</SUBJECTNAME>
<SUBJECTNAME>
Phrogram
</SUBJECTNAME>
<SUBJECTNAME>
Pico
</SUBJECTNAME>
<SUBJECTNAME>
Picolisp
</SUBJECTNAME>
<SUBJECTNAME>
Pict
</SUBJECTNAME>
<SUBJECTNAME>
Pike
</SUBJECTNAME>
<SUBJECTNAME>
PIKT
</SUBJECTNAME>
<SUBJECTNAME>
PILOT
</SUBJECTNAME>
<SUBJECTNAME>
Pipelines
</SUBJECTNAME>
<SUBJECTNAME>
Pizza
</SUBJECTNAME>
<SUBJECTNAME>
PL-11
</SUBJECTNAME>
<SUBJECTNAME>
PL/0
</SUBJECTNAME>
<SUBJECTNAME>
PL/B
</SUBJECTNAME>
<SUBJECTNAME>
PL/C
</SUBJECTNAME>
<SUBJECTNAME>
PL/I – ISO 6160
</SUBJECTNAME>
<SUBJECTNAME>
PL/M
</SUBJECTNAME>
<SUBJECTNAME>
PL/P
</SUBJECTNAME>
<SUBJECTNAME>
PL/SQL
</SUBJECTNAME>
<SUBJECTNAME>
PL360
</SUBJECTNAME>
<SUBJECTNAME>
PLANC
</SUBJECTNAME>
<SUBJECTNAME>
Plankalkül
</SUBJECTNAME>
<SUBJECTNAME>
Planner
</SUBJECTNAME>
<SUBJECTNAME>
PLEX
</SUBJECTNAME>
<SUBJECTNAME>
PLEXIL
</SUBJECTNAME>
<SUBJECTNAME>
Plus
</SUBJECTNAME>
<SUBJECTNAME>
POP-11
</SUBJECTNAME>
<SUBJECTNAME>
PostScript
</SUBJECTNAME>
<SUBJECTNAME>
PortablE
</SUBJECTNAME>
<SUBJECTNAME>
Powerhouse
</SUBJECTNAME>
<SUBJECTNAME>
PowerBuilder – 4GL GUI applcation generator from Sybase
</SUBJECTNAME>
<SUBJECTNAME>
PowerShell
</SUBJECTNAME>
<SUBJECTNAME>
PPL
</SUBJECTNAME>
<SUBJECTNAME>
Processing
</SUBJECTNAME>
<SUBJECTNAME>
Processing.js
</SUBJECTNAME>
<SUBJECTNAME>
Prograph
</SUBJECTNAME>
<SUBJECTNAME>
PROIV
</SUBJECTNAME>
<SUBJECTNAME>
Prolog
</SUBJECTNAME>
<SUBJECTNAME>
PROMAL
</SUBJECTNAME>
<SUBJECTNAME>
Promela
</SUBJECTNAME>
<SUBJECTNAME>
PROSE modeling language
</SUBJECTNAME>
<SUBJECTNAME>
PROTEL
</SUBJECTNAME>
<SUBJECTNAME>
ProvideX
</SUBJECTNAME>
<SUBJECTNAME>
Pro*C
</SUBJECTNAME>
<SUBJECTNAME>
Pure
</SUBJECTNAME>
<SUBJECTNAME>
Python
</SUBJECTNAME>
<SUBJECTNAME>
Q (equational programming language)
</SUBJECTNAME>
<SUBJECTNAME>
Q (programming language from Kx Systems)
</SUBJECTNAME>
<SUBJECTNAME>
Qalb
</SUBJECTNAME>
<SUBJECTNAME>
QtScript
</SUBJECTNAME>
<SUBJECTNAME>
QuakeC
</SUBJECTNAME>
<SUBJECTNAME>
QPL
</SUBJECTNAME>
<SUBJECTNAME>
R
</SUBJECTNAME>
<SUBJECTNAME>
R++
</SUBJECTNAME>
<SUBJECTNAME>
Racket
</SUBJECTNAME>
<SUBJECTNAME>
RAPID
</SUBJECTNAME>
<SUBJECTNAME>
Rapira
</SUBJECTNAME>
<SUBJECTNAME>
Ratfiv
</SUBJECTNAME>
<SUBJECTNAME>
Ratfor
</SUBJECTNAME>
<SUBJECTNAME>
rc
</SUBJECTNAME>
<SUBJECTNAME>
REBOL
</SUBJECTNAME>
<SUBJECTNAME>
Red
</SUBJECTNAME>
<SUBJECTNAME>
Redcode
</SUBJECTNAME>
<SUBJECTNAME>
REFAL
</SUBJECTNAME>
<SUBJECTNAME>
Reia
</SUBJECTNAME>
<SUBJECTNAME>
REXX
</SUBJECTNAME>
<SUBJECTNAME>
Rlab
</SUBJECTNAME>
<SUBJECTNAME>
ROOP
</SUBJECTNAME>
<SUBJECTNAME>
RPG
</SUBJECTNAME>
<SUBJECTNAME>
RPL
</SUBJECTNAME>
<SUBJECTNAME>
RSL
</SUBJECTNAME>
<SUBJECTNAME>
RTL/2
</SUBJECTNAME>
<SUBJECTNAME>
Ruby
</SUBJECTNAME>
<SUBJECTNAME>
RuneScript
</SUBJECTNAME>
<SUBJECTNAME>
Rust
</SUBJECTNAME>
<SUBJECTNAME>
S
</SUBJECTNAME>
<SUBJECTNAME>
S2
</SUBJECTNAME>
<SUBJECTNAME>
S3
</SUBJECTNAME>
<SUBJECTNAME>
S-Lang
</SUBJECTNAME>
<SUBJECTNAME>
S-PLUS
</SUBJECTNAME>
<SUBJECTNAME>
SA-C
</SUBJECTNAME>
<SUBJECTNAME>
SabreTalk
</SUBJECTNAME>
<SUBJECTNAME>
SAIL
</SUBJECTNAME>
<SUBJECTNAME>
SALSA
</SUBJECTNAME>
<SUBJECTNAME>
SAM76
</SUBJECTNAME>
<SUBJECTNAME>
SAS
</SUBJECTNAME>
<SUBJECTNAME>
SASL
</SUBJECTNAME>
<SUBJECTNAME>
Sather
</SUBJECTNAME>
<SUBJECTNAME>
Sawzall
</SUBJECTNAME>
<SUBJECTNAME>
SBL
</SUBJECTNAME>
<SUBJECTNAME>
Scala
</SUBJECTNAME>
<SUBJECTNAME>
Scheme
</SUBJECTNAME>
<SUBJECTNAME>
Scilab
</SUBJECTNAME>
<SUBJECTNAME>
Scratch
</SUBJECTNAME>
<SUBJECTNAME>
Script.NET
</SUBJECTNAME>
<SUBJECTNAME>
Sed
</SUBJECTNAME>
<SUBJECTNAME>
Seed7
</SUBJECTNAME>
<SUBJECTNAME>
Self
</SUBJECTNAME>
<SUBJECTNAME>
SenseTalk
</SUBJECTNAME>
<SUBJECTNAME>
SequenceL
</SUBJECTNAME>
<SUBJECTNAME>
SETL
</SUBJECTNAME>
<SUBJECTNAME>
SIMPOL
</SUBJECTNAME>
<SUBJECTNAME>
SIGNAL
</SUBJECTNAME>
<SUBJECTNAME>
SiMPLE
</SUBJECTNAME>
<SUBJECTNAME>
SIMSCRIPT
</SUBJECTNAME>
<SUBJECTNAME>
Simula
</SUBJECTNAME>
<SUBJECTNAME>
Simulink
</SUBJECTNAME>
<SUBJECTNAME>
SISAL
</SUBJECTNAME>
<SUBJECTNAME>
SLIP
</SUBJECTNAME>
<SUBJECTNAME>
SMALL
</SUBJECTNAME>
<SUBJECTNAME>
Smalltalk
</SUBJECTNAME>
<SUBJECTNAME>
Small Basic
</SUBJECTNAME>
<SUBJECTNAME>
SML
</SUBJECTNAME>
<SUBJECTNAME>
Snap!
</SUBJECTNAME>
<SUBJECTNAME>
SNOBOL(SPITBOL)
</SUBJECTNAME>
<SUBJECTNAME>
Snowball
</SUBJECTNAME>
<SUBJECTNAME>
SOL
</SUBJECTNAME>
<SUBJECTNAME>
Span
</SUBJECTNAME>
<SUBJECTNAME>
SPARK
</SUBJECTNAME>
<SUBJECTNAME>
Speedcode
</SUBJECTNAME>
<SUBJECTNAME>
SPIN
</SUBJECTNAME>
<SUBJECTNAME>
SP/k
</SUBJECTNAME>
<SUBJECTNAME>
SPS
</SUBJECTNAME>
<SUBJECTNAME>
SQR
</SUBJECTNAME>
<SUBJECTNAME>
Squeak
</SUBJECTNAME>
<SUBJECTNAME>
Squirrel
</SUBJECTNAME>
<SUBJECTNAME>
SR
</SUBJECTNAME>
<SUBJECTNAME>
S/SL
</SUBJECTNAME>
<SUBJECTNAME>
Stackless Python
</SUBJECTNAME>
<SUBJECTNAME>
Starlogo
</SUBJECTNAME>
<SUBJECTNAME>
Strand
</SUBJECTNAME>
<SUBJECTNAME>
Stata
</SUBJECTNAME>
<SUBJECTNAME>
Stateflow
</SUBJECTNAME>
<SUBJECTNAME>
Subtext
</SUBJECTNAME>
<SUBJECTNAME>
SuperCollider
</SUBJECTNAME>
<SUBJECTNAME>
SuperTalk
</SUBJECTNAME>
<SUBJECTNAME>
Swift (Apple programming language)
</SUBJECTNAME>
<SUBJECTNAME>
Swift (parallel scripting language)
</SUBJECTNAME>
<SUBJECTNAME>
SYMPL
</SUBJECTNAME>
<SUBJECTNAME>
SyncCharts
</SUBJECTNAME>
<SUBJECTNAME>
SystemVerilog
</SUBJECTNAME>
<SUBJECTNAME>
T
</SUBJECTNAME>
<SUBJECTNAME>
TACL
</SUBJECTNAME>
<SUBJECTNAME>
TACPOL
</SUBJECTNAME>
<SUBJECTNAME>
TADS
</SUBJECTNAME>
<SUBJECTNAME>
TAL
</SUBJECTNAME>
<SUBJECTNAME>
Tcl
</SUBJECTNAME>
<SUBJECTNAME>
Tea
</SUBJECTNAME>
<SUBJECTNAME>
TECO
</SUBJECTNAME>
<SUBJECTNAME>
TELCOMP
</SUBJECTNAME>
<SUBJECTNAME>
TeX
</SUBJECTNAME>
<SUBJECTNAME>
TEX
</SUBJECTNAME>
<SUBJECTNAME>
TIE
</SUBJECTNAME>
<SUBJECTNAME>
Timber
</SUBJECTNAME>
<SUBJECTNAME>
TMG, compiler-compiler
</SUBJECTNAME>
<SUBJECTNAME>
Tom
</SUBJECTNAME>
<SUBJECTNAME>
TOM
</SUBJECTNAME>
<SUBJECTNAME>
TouchDevelop
</SUBJECTNAME>
<SUBJECTNAME>
Topspeed
</SUBJECTNAME>
<SUBJECTNAME>
TPU
</SUBJECTNAME>
<SUBJECTNAME>
Trac
</SUBJECTNAME>
<SUBJECTNAME>
TTM
</SUBJECTNAME>
<SUBJECTNAME>
T-SQL
</SUBJECTNAME>
<SUBJECTNAME>
Transcript
</SUBJECTNAME>
<SUBJECTNAME>
TTCN
</SUBJECTNAME>
<SUBJECTNAME>
Turing
</SUBJECTNAME>
<SUBJECTNAME>
TUTOR
</SUBJECTNAME>
<SUBJECTNAME>
TXL
</SUBJECTNAME>
<SUBJECTNAME>
TypeScript
</SUBJECTNAME>
<SUBJECTNAME>
Turbo C++
</SUBJECTNAME>
<SUBJECTNAME>
Ubercode
</SUBJECTNAME>
<SUBJECTNAME>
UCSD Pascal
</SUBJECTNAME>
<SUBJECTNAME>
Umple
</SUBJECTNAME>
<SUBJECTNAME>
Unicon
</SUBJECTNAME>
<SUBJECTNAME>
Uniface
</SUBJECTNAME>
<SUBJECTNAME>
UNITY
</SUBJECTNAME>
<SUBJECTNAME>
Unix shell
</SUBJECTNAME>
<SUBJECTNAME>
UnrealScript
</SUBJECTNAME>
<SUBJECTNAME>
Vala
</SUBJECTNAME>
<SUBJECTNAME>
Visual Basic
</SUBJECTNAME>
<SUBJECTNAME>
Visual Basic .NET
</SUBJECTNAME>
<SUBJECTNAME>
Visual DataFlex
</SUBJECTNAME>
<SUBJECTNAME>
Visual DialogScript
</SUBJECTNAME>
<SUBJECTNAME>
Visual Fortran
</SUBJECTNAME>
<SUBJECTNAME>
Visual FoxPro
</SUBJECTNAME>
<SUBJECTNAME>
Visual J++
</SUBJECTNAME>
<SUBJECTNAME>
Visual J#
</SUBJECTNAME>
<SUBJECTNAME>
Visual Objects
</SUBJECTNAME>
<SUBJECTNAME>
Visual Prolog
</SUBJECTNAME>
<SUBJECTNAME>
VSXu
</SUBJECTNAME>
<SUBJECTNAME>
vvvv
</SUBJECTNAME>
<SUBJECTNAME>
WATFIV, WATFOR
</SUBJECTNAME>
<SUBJECTNAME>
WebDNA
</SUBJECTNAME>
<SUBJECTNAME>
WebQL
</SUBJECTNAME>
<SUBJECTNAME>
Whiley
</SUBJECTNAME>
<SUBJECTNAME>
Windows PowerShell
</SUBJECTNAME>
<SUBJECTNAME>
Winbatch
</SUBJECTNAME>
<SUBJECTNAME>
Wolfram Language
</SUBJECTNAME>
<SUBJECTNAME>
Wyvern
</SUBJECTNAME>
<SUBJECTNAME>
X++
</SUBJECTNAME>
<SUBJECTNAME>
X#
</SUBJECTNAME>
<SUBJECTNAME>
X10
</SUBJECTNAME>
<SUBJECTNAME>
XBL
</SUBJECTNAME>
<SUBJECTNAME>
XC (exploits XMOS architecture)
</SUBJECTNAME>
<SUBJECTNAME>
xHarbour
</SUBJECTNAME>
<SUBJECTNAME>
XL
</SUBJECTNAME>
<SUBJECTNAME>
Xojo
</SUBJECTNAME>
<SUBJECTNAME>
XOTcl
</SUBJECTNAME>
<SUBJECTNAME>
XPL
</SUBJECTNAME>
<SUBJECTNAME>
XPL0
</SUBJECTNAME>
<SUBJECTNAME>
XQuery
</SUBJECTNAME>
<SUBJECTNAME>
XSB
</SUBJECTNAME>
<SUBJECTNAME>
XSLT – see XPath
</SUBJECTNAME>
<SUBJECTNAME>
Xtend
</SUBJECTNAME>
<SUBJECTNAME>
Yorick
</SUBJECTNAME>
<SUBJECTNAME>
YQL
</SUBJECTNAME>
<SUBJECTNAME>
Z notation
</SUBJECTNAME>
<SUBJECTNAME>
Zeno
</SUBJECTNAME>
<SUBJECTNAME>
ZOPL
</SUBJECTNAME>
<SUBJECTNAME>
Zsh
</SUBJECTNAME>
<SUBJECTNAME>
ZPL
</SUBJECTNAME>
<SUBJECTNAME>
Accounting and Finance
</SUBJECTNAME>
<SUBJECTNAME>
Aeronautical and Manufacturing Engineering
</SUBJECTNAME>
<SUBJECTNAME>
Agriculture and Forestry
</SUBJECTNAME>
<SUBJECTNAME>
American Studies
</SUBJECTNAME>
<SUBJECTNAME>
Anatomy and Physiology
</SUBJECTNAME>
<SUBJECTNAME>
Anthropology
</SUBJECTNAME>
<SUBJECTNAME>
Archaeology
</SUBJECTNAME>
<SUBJECTNAME>
Architecture
</SUBJECTNAME>
<SUBJECTNAME>
Art and Design
</SUBJECTNAME>
<SUBJECTNAME>
Aural and Oral Sciences
</SUBJECTNAME>
<SUBJECTNAME>
Biological Sciences
</SUBJECTNAME>
<SUBJECTNAME>
Building
</SUBJECTNAME>
<SUBJECTNAME>
Business and Management Studies
</SUBJECTNAME>
<SUBJECTNAME>
Celtic Studies
</SUBJECTNAME>
<SUBJECTNAME>
Chemical Engineering
</SUBJECTNAME>
<SUBJECTNAME>
Chemistry
</SUBJECTNAME>
<SUBJECTNAME>
Civil Engineering
</SUBJECTNAME>
<SUBJECTNAME>
Classics and Ancient History
</SUBJECTNAME>
<SUBJECTNAME>
Communication and Media Studies
</SUBJECTNAME>
<SUBJECTNAME>
Complementary Medicine
</SUBJECTNAME>
<SUBJECTNAME>
Computer Science
</SUBJECTNAME>
<SUBJECTNAME>
Counselling
</SUBJECTNAME>
<SUBJECTNAME>
Creative Writing
</SUBJECTNAME>
<SUBJECTNAME>
Criminology
</SUBJECTNAME>
<SUBJECTNAME>
Dentistry
</SUBJECTNAME>
<SUBJECTNAME>
Drama, Dance and Cinematics
</SUBJECTNAME>
<SUBJECTNAME>
East and South Asian Studies
</SUBJECTNAME>
<SUBJECTNAME>
Economics
</SUBJECTNAME>
<SUBJECTNAME>
Education
</SUBJECTNAME>
<SUBJECTNAME>
Electrical and Electronic Engineering
</SUBJECTNAME>
<SUBJECTNAME>
English
</SUBJECTNAME>
<SUBJECTNAME>
Fashion
</SUBJECTNAME>
<SUBJECTNAME>
Film Making
</SUBJECTNAME>
<SUBJECTNAME>
Food Science
</SUBJECTNAME>
<SUBJECTNAME>
Forensic Science
</SUBJECTNAME>
<SUBJECTNAME>
French
</SUBJECTNAME>
<SUBJECTNAME>
Geography and Environmental Sciences
</SUBJECTNAME>
<SUBJECTNAME>
Geology
</SUBJECTNAME>
<SUBJECTNAME>
General Engineering
</SUBJECTNAME>
<SUBJECTNAME>
German
</SUBJECTNAME>
<SUBJECTNAME>
History
</SUBJECTNAME>
<SUBJECTNAME>
History of Art, Architecture and Design
</SUBJECTNAME>
<SUBJECTNAME>
Hospitality, Leisure, Recreation and Tourism
</SUBJECTNAME>
<SUBJECTNAME>
Iberian Languages/Hispanic Studies
</SUBJECTNAME>
<SUBJECTNAME>
Italian
</SUBJECTNAME>
<SUBJECTNAME>
Land and Property Management
</SUBJECTNAME>
<SUBJECTNAME>
Law
</SUBJECTNAME>
<SUBJECTNAME>
Librarianship and Information Management
</SUBJECTNAME>
<SUBJECTNAME>
Linguistics
</SUBJECTNAME>
<SUBJECTNAME>
Marketing
</SUBJECTNAME>
<SUBJECTNAME>
Materials Technology
</SUBJECTNAME>
<SUBJECTNAME>
Mathematics
</SUBJECTNAME>
<SUBJECTNAME>
Mechanical Engineering
</SUBJECTNAME>
<SUBJECTNAME>
Medical Technology
</SUBJECTNAME>
<SUBJECTNAME>
Medicine
</SUBJECTNAME>
<SUBJECTNAME>
Middle Eastern and African Studies
</SUBJECTNAME>
<SUBJECTNAME>
Music
</SUBJECTNAME>
<SUBJECTNAME>
Nursing
</SUBJECTNAME>
<SUBJECTNAME>
Occupational Therapy
</SUBJECTNAME>
<SUBJECTNAME>
Optometry, Ophthalmology and Orthoptics
</SUBJECTNAME>
<SUBJECTNAME>
Pharmacology and Pharmacy
</SUBJECTNAME>
<SUBJECTNAME>
Philosophy
</SUBJECTNAME>
<SUBJECTNAME>
Physics and Astronomy
</SUBJECTNAME>
<SUBJECTNAME>
Physiotherapy
</SUBJECTNAME>
<SUBJECTNAME>
Politics
</SUBJECTNAME>
<SUBJECTNAME>
Psychology
</SUBJECTNAME>
<SUBJECTNAME>
Robotics
</SUBJECTNAME>
<SUBJECTNAME>
Russian and East European Languages
</SUBJECTNAME>
<SUBJECTNAME>
Social Policy
</SUBJECTNAME>
<SUBJECTNAME>
Social Work
</SUBJECTNAME>
<SUBJECTNAME>
Sociology
</SUBJECTNAME>
<SUBJECTNAME>
Sports Science
</SUBJECTNAME>
<SUBJECTNAME>
Theology and Religious Studies
</SUBJECTNAME>
<SUBJECTNAME>
Town and Country Planning and Landscape Design
</SUBJECTNAME>
<SUBJECTNAME>
Veterinary Medicine
</SUBJECTNAME>
<SUBJECTNAME>
Youth Work
</SUBJECTNAME>
</SUBJECT>

